383498,Deadpool 2
402900,Ocean's Eight
466282,To All the Boys I've Loved Before
363088,Ant-Man and the Wasp
462919,Sierra Burgess Is a Loser
454983,The Kissing Booth
293660,Deadpool
455980,Tag
283995,Guardians of the Galaxy Vol. 2
354912,Coco
177572,Big Hero 6
269149,Zootopia
487558,BlacKkKlansman
150540,Inside Out
455207,Crazy Rich Asians
194662,Birdman
460668,I Feel Pretty
20352,Despicable Me
420814,Christopher Robin
291805,Now You See Me 2
414919,Hart Beat
400155,Hotel Transylvania 3: Summer Vacation
437557,Blockers
207703,Kingsman: The Secret Service
445571,Game Night
458423,Mamma Mia! Here We Go Again
313369,La La Land
339117,Kalpana
399174,Isle of Dogs
93456,Despicable Me 2
98566,Teenage Mutant Ninja Turtles
69646,Vaseegara
106646,The Wolf of Wall Street
257344,Pixels
425,Ice Age
585,"Monsters, Inc."
454619,Overboard
455656,#RealityHigh
310,Bruce Almighty
808,Shrek
474335,Uncle Drew
18785,The Hangover
449176,"Love, Simon"
340022,Gringo
257445,Goosebumps
339846,Baywatch
62177,Brave
335797,Sing
353486,Jumanji: Welcome to the Jungle
270946,Penguins of Madagascar
224141,Into the Woods
350,The Devil Wears Prada
387592,Early Man
214756,Ted 2
159824,Hotel Transylvania 2
218746,Young Mother
14160,Up
523873,Kung Fu League
254470,Pitch Perfect 2
181533,Night at the Museum: Secret of the Tomb
179144,The Great Beauty
166426,Pirates of the Caribbean: Dead Men Tell No Tales
364689,Ferdinand
440161,The Sisters Brothers
446894,Smallfoot
608,Men in Black II
2976,Hairspray
260514,Cars 3
390043,The Hitman's Bodyguard
418827,Sister's Younger Husband
72105,Ted
787,Mr. & Mrs. Smith
9880,The Princess Diaries
452731,The Land of Steady Habits
11631,Mamma Mia!
920,Cars
227159,Horrible Bosses 2
507562,Crayon Shin-chan: Burst Serving! Kung Fu Boys ~Ramen Rebellion~
391713,Lady Bird
818,Austin Powers in Goldmember
13053,Bolt
950,Ice Age: The Meltdown
11130,The Princess Diaries 2: Royal Engagement
228967,The Interview
10193,Toy Story 3
347392,Slice
57800,Ice Age: Continental Drift
194,Amélie
434355,Taxi 5
77338,The Intouchables
506421,J'ai perdu Albert
71552,American Reunion
100042,Dumb and Dumber To
41630,No Strings Attached
370567,Sherlock Gnomes
62764,Mirror Mirror
127380,Finding Dory
225886,Sex Tape
384677,Set It Up
4247,Scary Movie
49519,The Croods
9502,Kung Fu Panda
8355,Ice Age: Dawn of the Dinosaurs
4638,Hot Fuzz
454992,The Spy Who Dumped Me
456929,Champions
118,Charlie and the Chocolate Factory
19913,(500) Days of Summer
120467,The Grand Budapest Hotel
2062,Ratatouille
35,The Simpsons Movie
43074,Ghostbusters
193893,Let's Be Cops
480736,25 km/h
210860,Mortdecai
397422,Rough Night
278154,Ice Age: Collision Course
256961,Paul Blart: Mall Cop 2
82690,Wreck-It Ralph
301337,Downsizing
203801,The Man from U.N.C.L.E.
400579,Tully
324852,Despicable Me 3
109414,This Is the End
8363,Superbad
371638,The Disaster Artist
271718,Trainwreck
211672,Minions
18360,Night at the Museum: Battle of the Smithsonian
238713,Spy
302699,Central Intelligence
502422,Thunder Road
10661,You Don't Mess with the Zohan
37834,Knight and Day
809,Shrek 2
268531,Captain Underpants: The First Epic Movie
10735,What a Girl Wants
429203,The Old Man & the Gun
4944,Burn After Reading
318846,The Big Short
9471,Charlie's Angels: Full Throttle
431530,A Bad Moms Christmas
137116,Smurfs: The Lost Village
7443,Chicken Run
9339,Click
454283,Action Point
10625,Mean Girls
109451,Cloudy with a Chance of Meatballs 2
200727,"Love, Rosie"
59861,Larry Crowne
196867,Annie
46195,Rio
356305,Why Him?
460793,Olaf's Frozen Adventure
82702,How to Train Your Dragon 2
433310,When We First Met
511785,Alex Strangelove
399170,Logan Lucky
342473,Ballerina
9522,Wedding Crashers
80321,Madagascar 3: Europe's Most Wanted
290762,Miss You Already
502682,Book Club
51540,Horrible Bosses
109418,Grown Ups 2
9023,Spirit: Stallion of the Cimarron
112160,Sexual Chronicles of a French Family
324849,The Lego Batman Movie
22970,The Cabin in the Woods
10501,The Road to El Dorado
19908,Zombieland
116149,Paddington
2770,American Pie 2
337170,American Made
429733,Mayhem
4248,Scary Movie 2
2022,Mr. Deeds
18240,The Proposal
195589,Neighbors
114150,Pitch Perfect
376660,The Edge of Seventeen
9472,DodgeBall: A True Underdog Story
339404,The Layover
171274,Inherent Vice
37735,Easy A
187017,22 Jump Street
11688,The Emperor's New Groove
4258,Scary Movie 5
264999,Magic Mike XXL
172385,Rio 2
544769,Les Déguns
174321,The English Teacher
41154,Men in Black 3
10555,Shark Tale
4256,Scary Movie 3
49524,R.I.P.D.
38357,Morning Glory
10591,The Girl Next Door
7453,The Hitchhiker's Guide to the Galaxy
487702,F*&% the Prom
267193,Grimsby
308531,Teenage Mutant Ninja Turtles: Out of the Shadows
44896,Rango
487063,Ruben Søltoft: Ting fra min mund
634,Bridget Jones's Diary
392,Chocolat
239563,St. Vincent
168530,Ride Along
88751,Journey to the Center of the Earth
489929,Destination Wedding
223702,Sausage Party
256591,Focus
50022,Super Troopers 2
109439,The Hangover Part III
353616,Pitch Perfect 3
11430,The Lion King 1½
205321,Sharknado
59436,Midnight in Paris
4327,Charlie's Angels
6477,Alvin and the Chipmunks
11397,Not Another Teen Movie
425980,Brad's Status
13374,Ice Princess
382591,Two Is a Family
1593,Night at the Museum
399796,Life of the Party
140300,Kung Fu Panda 3
400928,Gifted
1268,Mr. Bean's Holiday
9637,Scooby-Doo
257211,The Intern
346648,Paddington 2
254320,The Lobster
10315,Fantastic Mr. Fox
11024,Scooby-Doo 2: Monsters Unleashed
22705,Cheeky
381341,Perfect Strangers
112205,The Family
503314,Dragon Ball Super: Broly
134374,Pain & Gain
49013,Cars 2
45243,The Hangover Part II
507143,Candy Jar
503619,The Package
518452,Like Father
76492,Hotel Transylvania
496704,Tremors: A Cold Day in Hell
11887,High School Musical 3: Senior Year
64688,21 Jump Street
4257,Scary Movie 4
7326,Juno
22538,Scott Pilgrim vs. the World
121826,Quartet
4380,Shall We Dance?
378236,The Emoji Movie
174188,Rapture-Palooza
59962,This Means War
325189,Teen Beach 2
77931,The Smurfs 2
50546,Just Go with It
437670,Suck Me Shakespeer 3
331588,The Great Gilly Hopkins
19994,Jennifer's Body
537734,The Weekend
3981,What Women Want
233063,Suck Me Shakespeer
9297,Monster House
39513,Paul
150117,I Give It a Year
138832,We're the Millers
15165,Barbie as The Princess & the Pauper
82693,Silver Linings Playbook
209244,Are You Here
50544,Friends with Benefits
272693,The DUFF
1574,Chicago
8961,Bad Boys II
20256,The Bodyguard
17899,"Sex, Party and Lies"
339967,Colossal
402897,The Death of Stalin
10956,Joe Dirt
107985,The World's End
65057,The Descendants
331313,Keeping Up with the Joneses
10358,Zack and Miri Make a Porno
452030,Cinderella's Hot Night
747,Shaun of the Dead
58233,Johnny English Reborn
153518,The Angry Birds Movie
10204,Around the World in 80 Days
8584,Shanghai Noon
38365,Grown Ups
810,Shrek the Third
39939,Super Troopers
12279,Spy Kids 3-D: Game Over
345915,Once Upon a Time in Venice
7518,Over the Hedge
290250,The Nice Guys
39451,Little Fockers
